a,b,theta,E,E_p,E_t,machine_type,status,file_name
12.7,4.1,58.0,-29.75164217222482,-10.20044487924315,-2.3376881034346297,2,Done,BTBT_theta=58.0_a=12.7_b=4.1_cx=0_cy=0_cz=0_A1=0_A2=0.log
6.1,8.7,58.0,-37.61391576612368,-4.986313686938956,-6.910322098061442,2,Done,BTBT_theta=58.0_a=6.1_b=8.7_cx=0_cy=0_cz=0_A1=0_A2=0.log
12.7,4.1,58.5,-29.82093182625249,-10.285566610982642,-2.312449651071802,2,Done,BTBT_theta=58.5_a=12.7_b=4.1_cx=0_cy=0_cz=0_A1=0_A2=0.log
6.1,8.6,58.5,-38.20639815600589,-4.991603596135974,-7.055797740933485,1,Done,BTBT_theta=58.5_a=6.1_b=8.6_cx=0_cy=0_cz=0_A1=0_A2=0.log
12.8,4.1,59.0,-29.94121294422075,-10.354693112662062,-2.307956679724157,1,Done,BTBT_theta=59.0_a=12.8_b=4.1_cx=0_cy=0_cz=0_A1=0_A2=0.log
6.2,8.5,59.0,-38.15136552974582,-4.771002455614507,-7.152340154629201,1,Done,BTBT_theta=59.0_a=6.2_b=8.5_cx=0_cy=0_cz=0_A1=0_A2=0.log
12.6,4.0,58.0,-28.96096702106297,-10.042808092199266,-2.2188377091661096,2,Done,BTBT_theta=58.0_a=12.6_b=4.0_cx=0_cy=0_cz=0_A1=0_A2=0.log
6.0,8.6,58.0,-38.85246990295127,-5.206293592462316,-7.10997067950666,2,Done,BTBT_theta=58.0_a=6.0_b=8.6_cx=0_cy=0_cz=0_A1=0_A2=0.log
12.6,4.0,58.5,-29.122124140150845,-10.200984537834302,-2.1800387661205605,2,Done,BTBT_theta=58.5_a=12.6_b=4.0_cx=0_cy=0_cz=0_A1=0_A2=0.log
6.0,8.5,58.5,-39.32278864784166,-5.192569948732853,-7.234412187593989,1,Done,BTBT_theta=58.5_a=6.0_b=8.5_cx=0_cy=0_cz=0_A1=0_A2=0.log
6.0,8.7,58.0,-38.229628577362746,-5.206293592462316,-6.954260348109528,2,Done,BTBT_theta=58.0_a=6.0_b=8.7_cx=0_cy=0_cz=0_A1=0_A2=0.log
12.6,4.1,58.0,-29.650085953995585,-10.20044487924315,-2.312299048877321,2,Done,BTBT_theta=58.0_a=12.6_b=4.1_cx=0_cy=0_cz=0_A1=0_A2=0.log
12.6,4.1,58.5,-29.69018384348601,-10.285566610982642,-2.279762655380182,2,Done,BTBT_theta=58.5_a=12.6_b=4.1_cx=0_cy=0_cz=0_A1=0_A2=0.log
12.7,4.0,59.0,-29.46064068423584,-10.337549539050087,-2.1963854015339166,1,Done,BTBT_theta=59.0_a=12.7_b=4.0_cx=0_cy=0_cz=0_A1=0_A2=0.log
6.0,8.8,58.0,-37.54551717545837,-5.206293592462316,-6.783232497633435,2,Done,BTBT_theta=58.0_a=6.0_b=8.8_cx=0_cy=0_cz=0_A1=0_A2=0.log
12.6,4.2,58.0,-29.68900412367657,-10.056261906400325,-2.3941200777189806,2,Done,BTBT_theta=58.0_a=12.6_b=4.2_cx=0_cy=0_cz=0_A1=0_A2=0.log
12.6,4.2,58.5,-29.644488563761115,-10.087580930441618,-2.36733167571947,2,Done,BTBT_theta=58.5_a=12.6_b=4.2_cx=0_cy=0_cz=0_A1=0_A2=0.log
6.1,8.4,59.0,-39.32371736224741,-4.988767251139507,-7.336545714992098,1,Done,BTBT_theta=59.0_a=6.1_b=8.4_cx=0_cy=0_cz=0_A1=0_A2=0.log
6.1,8.6,58.0,-38.28168680658564,-4.986313686938956,-7.077264858176932,2,Done,BTBT_theta=58.0_a=6.1_b=8.6_cx=0_cy=0_cz=0_A1=0_A2=0.log
12.7,4.0,58.0,-29.12690576678142,-10.042808092199266,-2.260322395595722,2,Done,BTBT_theta=58.0_a=12.7_b=4.0_cx=0_cy=0_cz=0_A1=0_A2=0.log
12.7,4.0,58.5,-29.320517702028155,-10.200984537834302,-2.229637156589888,2,Done,BTBT_theta=58.5_a=12.7_b=4.0_cx=0_cy=0_cz=0_A1=0_A2=0.log
6.0,8.6,58.5,-38.75652362499386,-5.192569948732853,-7.092845931882039,1,Done,BTBT_theta=58.5_a=6.0_b=8.6_cx=0_cy=0_cz=0_A1=0_A2=0.log
6.1,8.8,58.0,-36.89280637400225,-4.986313686938956,-6.730044750031084,2,Done,BTBT_theta=58.0_a=6.1_b=8.8_cx=0_cy=0_cz=0_A1=0_A2=0.log
12.7,4.2,58.0,-29.731976008974016,-10.056261906400325,-2.4048630490433425,2,Done,BTBT_theta=58.0_a=12.7_b=4.2_cx=0_cy=0_cz=0_A1=0_A2=0.log
12.7,4.2,58.5,-29.713564864825457,-10.087580930441618,-2.384600750985556,2,Done,BTBT_theta=58.5_a=12.7_b=4.2_cx=0_cy=0_cz=0_A1=0_A2=0.log
6.2,8.6,58.0,-37.60410150932148,-4.7394512528553605,-7.03129975090269,2,Done,BTBT_theta=58.0_a=6.2_b=8.6_cx=0_cy=0_cz=0_A1=0_A2=0.log
12.7,4.1,59.0,-29.848743069916964,-10.354693112662062,-2.28483921114821,1,Done,BTBT_theta=59.0_a=12.7_b=4.1_cx=0_cy=0_cz=0_A1=0_A2=0.log
12.8,4.0,58.0,-29.222990097478032,-10.042808092199266,-2.284343478269875,2,Done,BTBT_theta=58.0_a=12.8_b=4.0_cx=0_cy=0_cz=0_A1=0_A2=0.log
12.8,4.0,58.5,-29.44524158909917,-10.200984537834302,-2.2608181283576414,2,Done,BTBT_theta=58.5_a=12.8_b=4.0_cx=0_cy=0_cz=0_A1=0_A2=0.log
6.2,8.7,58.0,-36.898805369157344,-4.7394512528553605,-6.854975715861656,2,Done,BTBT_theta=58.0_a=6.2_b=8.7_cx=0_cy=0_cz=0_A1=0_A2=0.log
12.8,4.1,58.0,-29.79175261128693,-10.20044487924315,-2.34771571320016,2,Done,BTBT_theta=58.0_a=12.8_b=4.1_cx=0_cy=0_cz=0_A1=0_A2=0.log
6.1,8.5,59.0,-38.75521840341389,-4.988767251139507,-7.19442097528372,1,Done,BTBT_theta=59.0_a=6.1_b=8.5_cx=0_cy=0_cz=0_A1=0_A2=0.log
12.8,4.1,58.5,-29.886770175769925,-10.285566610982642,-2.3289092384511605,2,Done,BTBT_theta=58.5_a=12.8_b=4.1_cx=0_cy=0_cz=0_A1=0_A2=0.log
6.2,8.8,58.0,-36.14950822899118,-4.7394512528553605,-6.667651430820115,2,Done,BTBT_theta=58.0_a=6.2_b=8.8_cx=0_cy=0_cz=0_A1=0_A2=0.log
12.8,4.2,58.0,-29.72120793582872,-10.056261906400325,-2.402171030757017,2,Done,BTBT_theta=58.0_a=12.8_b=4.2_cx=0_cy=0_cz=0_A1=0_A2=0.log
12.8,4.2,58.5,-29.725813860539347,-10.087580930441618,-2.387662999914028,2,Done,BTBT_theta=58.5_a=12.8_b=4.2_cx=0_cy=0_cz=0_A1=0_A2=0.log
6.0,8.7,58.5,-38.10825559357181,-5.192569948732853,-6.930778924026527,1,Done,BTBT_theta=58.5_a=6.0_b=8.7_cx=0_cy=0_cz=0_A1=0_A2=0.log
5.9,8.5,58.0,-39.75554464478046,-5.38323258724995,-7.2472698675701395,2,Done,BTBT_theta=58.0_a=5.9_b=8.5_cx=0_cy=0_cz=0_A1=0_A2=0.log
12.9,4.0,58.0,-29.258055355399847,-10.042808092199266,-2.293109792750329,2,Done,BTBT_theta=58.0_a=12.9_b=4.0_cx=0_cy=0_cz=0_A1=0_A2=0.log
12.9,4.0,58.5,-29.505507649388164,-10.200984537834302,-2.2758846434298903,2,Done,BTBT_theta=58.5_a=12.9_b=4.0_cx=0_cy=0_cz=0_A1=0_A2=0.log
12.7,4.2,59.0,-29.66315071238205,-10.10727846971713,-2.362148443236947,1,Done,BTBT_theta=59.0_a=12.7_b=4.2_cx=0_cy=0_cz=0_A1=0_A2=0.log
5.9,8.6,58.0,-39.27416917309165,-5.38323258724995,-7.126925999647938,2,Done,BTBT_theta=58.0_a=5.9_b=8.6_cx=0_cy=0_cz=0_A1=0_A2=0.log
12.9,4.1,58.0,-29.7783991987817,-10.20044487924315,-2.3443773600738496,2,Done,BTBT_theta=58.0_a=12.9_b=4.1_cx=0_cy=0_cz=0_A1=0_A2=0.log
12.9,4.1,58.5,-29.89603222347796,-10.285566610982642,-2.331224750378169,2,Done,BTBT_theta=58.5_a=12.9_b=4.1_cx=0_cy=0_cz=0_A1=0_A2=0.log
6.1,8.6,59.0,-38.10679977014661,-4.988767251139507,-7.032316316966899,1,Done,BTBT_theta=59.0_a=6.1_b=8.6_cx=0_cy=0_cz=0_A1=0_A2=0.log
5.9,8.7,58.0,-38.71159390732646,-5.38323258724995,-6.98628218320664,2,Done,BTBT_theta=58.0_a=5.9_b=8.7_cx=0_cy=0_cz=0_A1=0_A2=0.log
12.9,4.2,58.0,-29.66382842278108,-10.056261906400325,-2.3878261524951085,2,Done,BTBT_theta=58.0_a=12.9_b=4.2_cx=0_cy=0_cz=0_A1=0_A2=0.log
12.9,4.2,58.5,-29.6886903680861,-10.087580930441618,-2.378382126800716,2,Done,BTBT_theta=58.5_a=12.9_b=4.2_cx=0_cy=0_cz=0_A1=0_A2=0.log
6.0,8.5,58.0,-39.38941765995696,-5.206293592462316,-7.244207618758082,2,Done,BTBT_theta=58.0_a=6.0_b=8.5_cx=0_cy=0_cz=0_A1=0_A2=0.log
6.1,8.5,58.5,-38.83001759555191,-4.991603596135974,-7.21170260081999,1,Done,BTBT_theta=58.5_a=6.1_b=8.5_cx=0_cy=0_cz=0_A1=0_A2=0.log
12.7,4.1,59.5,-29.83736003935337,-10.408979002851993,-2.2548505084123462,2,Done,BTBT_theta=59.5_a=12.7_b=4.1_cx=0_cy=0_cz=0_A1=0_A2=0.log
12.8,4.2,59.5,-29.64344689808786,-10.11628951318562,-2.352716967929154,2,Done,BTBT_theta=59.5_a=12.8_b=4.2_cx=0_cy=0_cz=0_A1=0_A2=0.log
13.0,4.0,58.5,-29.50987511966377,-10.200984537834302,-2.276976510998793,1,Done,BTBT_theta=58.5_a=13.0_b=4.0_cx=0_cy=0_cz=0_A1=0_A2=0.log
6.1,8.5,58.0,-38.879427732899785,-4.986313686938956,-7.226700089755468,2,Done,BTBT_theta=58.0_a=6.1_b=8.5_cx=0_cy=0_cz=0_A1=0_A2=0.log
12.8,4.0,59.0,-29.615008145105094,-10.337549539050087,-2.2349772667512298,1,Done,BTBT_theta=59.0_a=12.8_b=4.0_cx=0_cy=0_cz=0_A1=0_A2=0.log
6.2,8.4,59.0,-38.772073321510106,-4.771002455614507,-7.307517102570273,2,Done,BTBT_theta=59.0_a=6.2_b=8.4_cx=0_cy=0_cz=0_A1=0_A2=0.log
12.7,4.2,59.5,-29.582628628704697,-10.11628951318562,-2.337512400583364,2,Done,BTBT_theta=59.5_a=12.7_b=4.2_cx=0_cy=0_cz=0_A1=0_A2=0.log
6.1,8.7,58.5,-37.51673956727609,-4.991603596135974,-6.883383093751036,1,Done,BTBT_theta=58.5_a=6.1_b=8.7_cx=0_cy=0_cz=0_A1=0_A2=0.log
5.8,8.4,58.0,-40.18965606251732,-5.497276254463941,-7.298775888397358,2,Done,BTBT_theta=58.0_a=5.8_b=8.4_cx=0_cy=0_cz=0_A1=0_A2=0.log
6.2,8.6,59.0,-37.46032641688362,-4.771002455614507,-6.979580376413651,2,Done,BTBT_theta=59.0_a=6.2_b=8.6_cx=0_cy=0_cz=0_A1=0_A2=0.log
13.0,4.1,58.5,-29.85627318918705,-10.285566610982642,-2.3212849918054417,1,Done,BTBT_theta=58.5_a=13.0_b=4.1_cx=0_cy=0_cz=0_A1=0_A2=0.log
12.7,4.3,59.5,-28.961920836009085,-9.662875887239352,-2.409042265382596,2,Done,BTBT_theta=59.5_a=12.7_b=4.3_cx=0_cy=0_cz=0_A1=0_A2=0.log
5.8,8.5,58.0,-39.91661391174421,-5.497276254463941,-7.230515350704081,2,Done,BTBT_theta=58.0_a=5.8_b=8.5_cx=0_cy=0_cz=0_A1=0_A2=0.log
12.8,4.2,59.0,-29.69929528888315,-10.10727846971713,-2.3711845873622224,1,Done,BTBT_theta=59.0_a=12.8_b=4.2_cx=0_cy=0_cz=0_A1=0_A2=0.log
6.3,8.4,59.0,-38.11681482894346,-4.529969589551911,-7.26421891245991,2,Done,BTBT_theta=59.0_a=6.3_b=8.4_cx=0_cy=0_cz=0_A1=0_A2=0.log
12.8,4.1,59.5,-29.957339950371534,-10.408979002851993,-2.284845486166887,2,Done,BTBT_theta=59.5_a=12.8_b=4.1_cx=0_cy=0_cz=0_A1=0_A2=0.log
6.2,8.5,58.5,-38.21192024415359,-4.758383229142055,-7.17378844646737,1,Done,BTBT_theta=58.5_a=6.2_b=8.5_cx=0_cy=0_cz=0_A1=0_A2=0.log
5.8,8.6,58.0,-39.51402859482914,-5.497276254463941,-7.129869021475315,2,Done,BTBT_theta=58.0_a=5.8_b=8.6_cx=0_cy=0_cz=0_A1=0_A2=0.log
6.3,8.5,59.0,-37.449771699495614,-4.529969589551911,-7.097458130097948,2,Done,BTBT_theta=59.0_a=6.3_b=8.5_cx=0_cy=0_cz=0_A1=0_A2=0.log
13.0,4.2,58.5,-29.608795794658363,-10.087580930441618,-2.3584084834437817,1,Done,BTBT_theta=58.5_a=13.0_b=4.2_cx=0_cy=0_cz=0_A1=0_A2=0.log
12.8,4.3,59.5,-28.9690493484959,-9.662875887239352,-2.4108243935042992,2,Done,BTBT_theta=59.5_a=12.8_b=4.3_cx=0_cy=0_cz=0_A1=0_A2=0.log
12.9,4.0,59.0,-29.701378622092307,-10.337549539050087,-2.256569885998033,1,Done,BTBT_theta=59.0_a=12.9_b=4.0_cx=0_cy=0_cz=0_A1=0_A2=0.log
5.9,8.4,58.0,-40.117718315683305,-5.38323258724995,-7.3378132852958515,2,Done,BTBT_theta=58.0_a=5.9_b=8.4_cx=0_cy=0_cz=0_A1=0_A2=0.log
6.3,8.6,59.0,-36.726528774015605,-4.529969589551911,-6.916647398727946,2,Done,BTBT_theta=59.0_a=6.3_b=8.6_cx=0_cy=0_cz=0_A1=0_A2=0.log
12.9,4.1,59.5,-30.014368059579283,-10.408979002851993,-2.2991025134688243,2,Done,BTBT_theta=59.5_a=12.9_b=4.1_cx=0_cy=0_cz=0_A1=0_A2=0.log
6.2,8.6,58.5,-37.54204076901078,-4.758383229142055,-7.006318577681668,1,Done,BTBT_theta=58.5_a=6.2_b=8.6_cx=0_cy=0_cz=0_A1=0_A2=0.log
6.0,8.4,58.0,-39.83565257070586,-5.206293592462316,-7.355766346445307,2,Done,BTBT_theta=58.0_a=6.0_b=8.4_cx=0_cy=0_cz=0_A1=0_A2=0.log
6.1,8.4,59.5,-39.25034889392555,-4.977045364212245,-7.324064541375264,1,Done,BTBT_theta=59.5_a=6.1_b=8.4_cx=0_cy=0_cz=0_A1=0_A2=0.log
6.2,8.5,59.5,-38.06934997299686,-4.776731621939689,-7.128971682279371,2,Done,BTBT_theta=59.5_a=6.2_b=8.5_cx=0_cy=0_cz=0_A1=0_A2=0.log
6.0,8.3,59.0,-40.13950546318665,-5.16853631590493,-7.450608207844198,2,Done,BTBT_theta=59.0_a=6.0_b=8.3_cx=0_cy=0_cz=0_A1=0_A2=0.log
12.9,4.1,59.0,-29.97391876531765,-10.354693112662062,-2.316133134998381,1,Done,BTBT_theta=59.0_a=12.9_b=4.1_cx=0_cy=0_cz=0_A1=0_A2=0.log
5.7,8.3,58.0,-39.99717364413664,-5.521165559999645,-7.238710631034337,2,Done,BTBT_theta=58.0_a=5.7_b=8.3_cx=0_cy=0_cz=0_A1=0_A2=0.log
6.2,8.7,58.5,-36.81774362595752,-4.758383229142055,-6.825244291918352,1,Done,BTBT_theta=58.5_a=6.2_b=8.7_cx=0_cy=0_cz=0_A1=0_A2=0.log
12.9,4.2,59.5,-29.64904428832233,-10.11628951318562,-2.354116315487772,2,Done,BTBT_theta=59.5_a=12.9_b=4.2_cx=0_cy=0_cz=0_A1=0_A2=0.log
6.0,8.4,59.0,-39.73940508859232,-5.16853631590493,-7.350583114195615,2,Done,BTBT_theta=59.0_a=6.0_b=8.4_cx=0_cy=0_cz=0_A1=0_A2=0.log
6.1,8.5,59.5,-38.65386298764497,-4.977045364212245,-7.17494306480512,1,Done,BTBT_theta=59.5_a=6.1_b=8.5_cx=0_cy=0_cz=0_A1=0_A2=0.log
5.7,8.4,58.0,-39.99466360500082,-5.521165559999645,-7.238083121250383,2,Done,BTBT_theta=58.0_a=5.7_b=8.4_cx=0_cy=0_cz=0_A1=0_A2=0.log
12.9,4.3,59.5,-28.928110597655177,-9.662875887239352,-2.4005897057941183,2,Done,BTBT_theta=59.5_a=12.9_b=4.3_cx=0_cy=0_cz=0_A1=0_A2=0.log
5.9,8.4,58.5,-40.064994926098734,-5.344245390733704,-7.344126036157831,1,Done,BTBT_theta=58.5_a=5.9_b=8.4_cx=0_cy=0_cz=0_A1=0_A2=0.log
12.9,4.2,59.0,-29.683155730832368,-10.10727846971713,-2.367149697849527,1,Done,BTBT_theta=59.0_a=12.9_b=4.2_cx=0_cy=0_cz=0_A1=0_A2=0.log
6.0,8.5,59.0,-39.225348895415664,-5.16853631590493,-7.222069065901451,2,Done,BTBT_theta=59.0_a=6.0_b=8.5_cx=0_cy=0_cz=0_A1=0_A2=0.log
5.7,8.5,58.0,-39.81941261095926,-5.521165559999645,-7.194270372739993,2,Done,BTBT_theta=58.0_a=5.7_b=8.5_cx=0_cy=0_cz=0_A1=0_A2=0.log
6.1,8.6,59.5,-37.98172447737306,-4.977045364212245,-7.006908437237144,1,Done,BTBT_theta=59.5_a=6.1_b=8.6_cx=0_cy=0_cz=0_A1=0_A2=0.log
12.8,4.0,59.5,-29.735075908713043,-10.453946369234473,-2.2067957925610244,2,Done,BTBT_theta=59.5_a=12.8_b=4.0_cx=0_cy=0_cz=0_A1=0_A2=0.log
6.1,8.3,59.0,-39.79808982275426,-4.988767251139507,-7.455138830118813,2,Done,BTBT_theta=59.0_a=6.1_b=8.3_cx=0_cy=0_cz=0_A1=0_A2=0.log
5.9,8.5,58.5,-39.66321282275021,-5.344245390733704,-7.243680510320701,1,Done,BTBT_theta=58.5_a=5.9_b=8.5_cx=0_cy=0_cz=0_A1=0_A2=0.log
13.0,4.0,59.0,-29.728662755340338,-10.337549539050087,-2.2633909193100408,1,Done,BTBT_theta=59.0_a=13.0_b=4.0_cx=0_cy=0_cz=0_A1=0_A2=0.log
5.8,8.3,58.0,-40.31601147539914,-5.497276254463941,-7.330364741617814,2,Done,BTBT_theta=58.0_a=5.8_b=8.3_cx=0_cy=0_cz=0_A1=0_A2=0.log
12.9,4.0,59.5,-29.848529716953635,-10.453946369234473,-2.2351592446211725,2,Done,BTBT_theta=59.5_a=12.9_b=4.0_cx=0_cy=0_cz=0_A1=0_A2=0.log
6.2,8.4,59.5,-38.71432985225693,-4.776731621939689,-7.290216652094386,1,Done,BTBT_theta=59.5_a=6.2_b=8.4_cx=0_cy=0_cz=0_A1=0_A2=0.log
6.2,8.3,59.0,-39.30806726356968,-4.771002455614507,-7.441515588085167,2,Done,BTBT_theta=59.0_a=6.2_b=8.3_cx=0_cy=0_cz=0_A1=0_A2=0.log
5.9,8.6,58.5,-39.14770080754533,-5.344245390733704,-7.1148025065194815,1,Done,BTBT_theta=58.5_a=5.9_b=8.6_cx=0_cy=0_cz=0_A1=0_A2=0.log
13.0,4.1,59.0,-29.954716959502548,-10.354693112662062,-2.311332683544606,1,Done,BTBT_theta=59.0_a=13.0_b=4.1_cx=0_cy=0_cz=0_A1=0_A2=0.log
5.9,8.3,58.0,-40.34349641390145,-5.38323258724995,-7.394257809850387,2,Done,BTBT_theta=58.0_a=5.9_b=8.3_cx=0_cy=0_cz=0_A1=0_A2=0.log
13.0,4.0,59.5,-29.899508628994223,-10.453946369234473,-2.2479039726313204,2,Done,BTBT_theta=59.5_a=13.0_b=4.0_cx=0_cy=0_cz=0_A1=0_A2=0.log
6.2,8.6,59.5,-37.35805483767763,-4.776731621939689,-6.9511478984495625,1,Done,BTBT_theta=59.5_a=6.2_b=8.6_cx=0_cy=0_cz=0_A1=0_A2=0.log
5.9,8.2,59.0,-40.464179137256,-5.292582492809743,-7.469753537909128,2,Done,BTBT_theta=59.0_a=5.9_b=8.2_cx=0_cy=0_cz=0_A1=0_A2=0.log
6.0,8.4,58.5,-39.80358680943027,-5.192569948732853,-7.354611727991141,1,Done,BTBT_theta=58.5_a=6.0_b=8.4_cx=0_cy=0_cz=0_A1=0_A2=0.log
13.0,4.2,59.0,-29.621684852056205,-10.10727846971713,-2.3517819781554863,1,Done,BTBT_theta=59.0_a=13.0_b=4.2_cx=0_cy=0_cz=0_A1=0_A2=0.log
5.8,8.2,58.0,-40.25356168067083,-5.497276254463941,-7.314752292935736,2,Done,BTBT_theta=58.0_a=5.8_b=8.2_cx=0_cy=0_cz=0_A1=0_A2=0.log
13.0,4.1,59.5,-30.01647649286315,-10.408979002851993,-2.2996296217897907,2,Done,BTBT_theta=59.5_a=13.0_b=4.1_cx=0_cy=0_cz=0_A1=0_A2=0.log
5.9,8.3,59.0,-40.290660072583705,-5.292582492809743,-7.426373771741055,2,Done,BTBT_theta=59.0_a=5.9_b=8.3_cx=0_cy=0_cz=0_A1=0_A2=0.log
6.3,8.4,59.5,-38.06815770547837,-4.548261506250128,-7.242908673244528,1,Done,BTBT_theta=59.5_a=6.3_b=8.4_cx=0_cy=0_cz=0_A1=0_A2=0.log
6.1,8.4,58.5,-39.36957579432055,-4.991603596135974,-7.346592150512151,1,Done,BTBT_theta=58.5_a=6.1_b=8.4_cx=0_cy=0_cz=0_A1=0_A2=0.log
5.9,8.2,58.0,-40.41382773546502,-5.38323258724995,-7.41184064024128,2,Done,BTBT_theta=58.0_a=5.9_b=8.2_cx=0_cy=0_cz=0_A1=0_A2=0.log
12.9,3.9,60.5,-29.311908265575767,-10.450608016224578,-2.1026730582816526,1,Done,BTBT_theta=60.5_a=12.9_b=3.9_cx=0_cy=0_cz=0_A1=0_A2=0.log
13.0,4.0,60.5,-30.10844435915351,-10.63182035391219,-2.2112009128322825,2,Done,BTBT_theta=60.5_a=13.0_b=4.0_cx=0_cy=0_cz=0_A1=0_A2=0.log
5.9,8.4,59.0,-39.97369222110137,-5.292582492809743,-7.347131808870472,2,Done,BTBT_theta=59.0_a=5.9_b=8.4_cx=0_cy=0_cz=0_A1=0_A2=0.log
13.0,4.2,59.5,-29.606699913274497,-10.11628951318562,-2.343530221725814,1,Done,BTBT_theta=59.5_a=13.0_b=4.2_cx=0_cy=0_cz=0_A1=0_A2=0.log
5.8,8.3,58.5,-40.284673628397286,-5.42536988388747,-7.358483465155587,1,Done,BTBT_theta=58.5_a=5.8_b=8.3_cx=0_cy=0_cz=0_A1=0_A2=0.log
6.0,8.2,58.0,-40.33264049049467,-5.206293592462316,-7.480013326392509,2,Done,BTBT_theta=58.0_a=6.0_b=8.2_cx=0_cy=0_cz=0_A1=0_A2=0.log
6.3,8.5,59.5,-37.38058244762942,-4.548261506250128,-7.071014858782291,2,Done,BTBT_theta=59.5_a=6.3_b=8.5_cx=0_cy=0_cz=0_A1=0_A2=0.log
12.9,4.0,60.5,-30.007515650242567,-10.63182035391219,-2.185968735604547,1,Done,BTBT_theta=60.5_a=12.9_b=4.0_cx=0_cy=0_cz=0_A1=0_A2=0.log
6.0,8.2,59.0,-40.40750243421644,-5.16853631590493,-7.517607450601645,2,Done,BTBT_theta=59.0_a=6.0_b=8.2_cx=0_cy=0_cz=0_A1=0_A2=0.log
13.1,4.0,59.5,-29.896270676981658,-10.453946369234473,-2.247094484628178,1,Done,BTBT_theta=59.5_a=13.1_b=4.0_cx=0_cy=0_cz=0_A1=0_A2=0.log
6.0,8.3,58.0,-40.1570882932283,-5.206293592462316,-7.4361252770759165,2,Done,BTBT_theta=58.0_a=6.0_b=8.3_cx=0_cy=0_cz=0_A1=0_A2=0.log
6.3,8.6,59.5,-36.63946803659201,-4.548261506250128,-6.885736256022938,2,Done,BTBT_theta=59.5_a=6.3_b=8.6_cx=0_cy=0_cz=0_A1=0_A2=0.log
5.8,8.4,58.5,-40.10595877934247,-5.42536988388747,-7.313804752891883,1,Done,BTBT_theta=58.5_a=5.8_b=8.4_cx=0_cy=0_cz=0_A1=0_A2=0.log
6.1,8.2,59.0,-40.15190506121144,-4.988767251139507,-7.543592639733106,2,Done,BTBT_theta=59.0_a=6.1_b=8.2_cx=0_cy=0_cz=0_A1=0_A2=0.log
12.9,4.1,60.5,-29.991752598434687,-10.4775658454746,-2.259155226871372,1,Done,BTBT_theta=60.5_a=12.9_b=4.1_cx=0_cy=0_cz=0_A1=0_A2=0.log
5.8,8.1,58.0,-39.97567515261471,-5.497276254463941,-7.245280660921708,2,Done,BTBT_theta=58.0_a=5.8_b=8.1_cx=0_cy=0_cz=0_A1=0_A2=0.log
13.1,4.1,59.5,-29.97104476904497,-10.408979002851993,-2.288271690835245,1,Done,BTBT_theta=59.5_a=13.1_b=4.1_cx=0_cy=0_cz=0_A1=0_A2=0.log
6.0,8.3,59.5,-40.07932725409046,-5.1334396817255765,-7.453111972659826,2,Done,BTBT_theta=59.5_a=6.0_b=8.3_cx=0_cy=0_cz=0_A1=0_A2=0.log
5.8,8.5,58.5,-39.78783630859107,-5.42536988388747,-7.234274135204032,1,Done,BTBT_theta=58.5_a=5.8_b=8.5_cx=0_cy=0_cz=0_A1=0_A2=0.log
5.8,8.1,59.0,-40.11491962103173,-5.33774438733235,-7.359857711591758,2,Done,BTBT_theta=59.0_a=5.8_b=8.1_cx=0_cy=0_cz=0_A1=0_A2=0.log
13.0,3.9,60.5,-29.47189821442589,-10.450608016224578,-2.142670545494184,1,Done,BTBT_theta=60.5_a=13.0_b=3.9_cx=0_cy=0_cz=0_A1=0_A2=0.log
5.9,8.1,58.0,-40.28225143905729,-5.38323258724995,-7.378946566139348,2,Done,BTBT_theta=58.0_a=5.9_b=8.1_cx=0_cy=0_cz=0_A1=0_A2=0.log
6.0,8.4,59.5,-39.64187748450786,-5.1334396817255765,-7.343749530264176,2,Done,BTBT_theta=59.5_a=6.0_b=8.4_cx=0_cy=0_cz=0_A1=0_A2=0.log
13.1,4.2,59.5,-29.522789275739346,-10.11628951318562,-2.3225525623420253,1,Done,BTBT_theta=59.5_a=13.1_b=4.2_cx=0_cy=0_cz=0_A1=0_A2=0.log
5.8,8.2,59.0,-40.25947282463312,-5.33774438733235,-7.395996012492105,2,Done,BTBT_theta=59.0_a=5.8_b=8.2_cx=0_cy=0_cz=0_A1=0_A2=0.log
5.9,8.3,58.5,-40.33703306084499,-5.344245390733704,-7.412135569844395,1,Done,BTBT_theta=58.5_a=5.9_b=8.3_cx=0_cy=0_cz=0_A1=0_A2=0.log
13.0,4.1,60.5,-30.038715447764844,-10.4775658454746,-2.2708959392039105,1,Done,BTBT_theta=60.5_a=13.0_b=4.1_cx=0_cy=0_cz=0_A1=0_A2=0.log
6.0,8.1,58.0,-40.33750996924937,-5.206293592462316,-7.481230696081184,2,Done,BTBT_theta=58.0_a=6.0_b=8.1_cx=0_cy=0_cz=0_A1=0_A2=0.log
6.0,8.5,59.5,-39.09589358326048,-5.1334396817255765,-7.207253554952331,2,Done,BTBT_theta=59.5_a=6.0_b=8.5_cx=0_cy=0_cz=0_A1=0_A2=0.log
5.8,8.3,59.0,-40.205155559349805,-5.33774438733235,-7.382416696171276,2,Done,BTBT_theta=59.0_a=5.8_b=8.3_cx=0_cy=0_cz=0_A1=0_A2=0.log
6.2,8.3,60.5,-39.14655874017626,-4.764884233241901,-7.404197568423115,1,Done,BTBT_theta=60.5_a=6.2_b=8.3_cx=0_cy=0_cz=0_A1=0_A2=0.log
6.3,8.4,60.5,-37.91272347792983,-4.566616173600778,-7.194872782682069,1,Done,BTBT_theta=60.5_a=6.3_b=8.4_cx=0_cy=0_cz=0_A1=0_A2=0.log
6.0,8.3,58.5,-40.16500747017562,-5.192569948732853,-7.444966893177479,2,Done,BTBT_theta=58.5_a=6.0_b=8.3_cx=0_cy=0_cz=0_A1=0_A2=0.log
13.0,4.0,61.0,-30.15172999864444,-10.695907949935645,-2.189978524693288,2,Done,BTBT_theta=61.0_a=13.0_b=4.0_cx=0_cy=0_cz=0_A1=0_A2=0.log
6.1,8.3,59.5,-39.75737697305158,-4.977045364212245,-7.450821561156772,1,Done,BTBT_theta=59.5_a=6.1_b=8.3_cx=0_cy=0_cz=0_A1=0_A2=0.log
5.9,8.1,59.0,-40.45024841558188,-5.292582492809743,-7.466270857490599,2,Done,BTBT_theta=59.0_a=5.9_b=8.1_cx=0_cy=0_cz=0_A1=0_A2=0.log
13.1,3.9,60.5,-29.56348957447335,-10.450608016224578,-2.165568385506049,1,Done,BTBT_theta=60.5_a=13.1_b=3.9_cx=0_cy=0_cz=0_A1=0_A2=0.log
6.2,8.4,60.5,-38.52745737321675,-4.764884233241901,-7.249422226683237,1,Done,BTBT_theta=60.5_a=6.2_b=8.4_cx=0_cy=0_cz=0_A1=0_A2=0.log
5.8,8.2,58.5,-40.28141057584435,-5.42536988388747,-7.357667702017352,2,Done,BTBT_theta=58.5_a=5.8_b=8.2_cx=0_cy=0_cz=0_A1=0_A2=0.log
12.9,3.9,61.0,-29.438640183769166,-10.580088429152966,-2.069615831365809,2,Done,BTBT_theta=61.0_a=12.9_b=3.9_cx=0_cy=0_cz=0_A1=0_A2=0.log
6.2,8.3,59.5,-39.27898845076561,-4.776731621939689,-7.431381301721558,1,Done,BTBT_theta=59.5_a=6.2_b=8.3_cx=0_cy=0_cz=0_A1=0_A2=0.log
6.0,8.1,59.0,-40.51566005777568,-5.16853631590493,-7.544646856491454,2,Done,BTBT_theta=59.0_a=6.0_b=8.1_cx=0_cy=0_cz=0_A1=0_A2=0.log
6.2,8.5,60.5,-37.83684496814385,-4.764884233241901,-7.076769125415012,1,Done,BTBT_theta=60.5_a=6.2_b=8.5_cx=0_cy=0_cz=0_A1=0_A2=0.log
13.1,4.0,60.5,-30.148956404067576,-10.63182035391219,-2.221328924060799,1,Done,BTBT_theta=60.5_a=13.1_b=4.0_cx=0_cy=0_cz=0_A1=0_A2=0.log
5.9,8.2,58.5,-40.45974891586229,-5.344245390733704,-7.442814533598721,2,Done,BTBT_theta=58.5_a=5.9_b=8.2_cx=0_cy=0_cz=0_A1=0_A2=0.log
12.9,4.0,61.0,-30.024646672885865,-10.695907949935645,-2.158207693253644,2,Done,BTBT_theta=61.0_a=12.9_b=4.0_cx=0_cy=0_cz=0_A1=0_A2=0.log
5.9,8.0,59.0,-40.22248738678172,-5.292582492809743,-7.409330600290559,2,Done,BTBT_theta=59.0_a=5.9_b=8.0_cx=0_cy=0_cz=0_A1=0_A2=0.log
5.9,8.2,59.5,-40.42547432053834,-5.227296351920813,-7.492720404174179,1,Done,BTBT_theta=59.5_a=5.9_b=8.2_cx=0_cy=0_cz=0_A1=0_A2=0.log
6.3,8.3,60.5,-38.57351660821587,-4.566616173600778,-7.360071065253578,1,Done,BTBT_theta=60.5_a=6.3_b=8.3_cx=0_cy=0_cz=0_A1=0_A2=0.log
13.1,4.1,60.5,-30.032590948976576,-10.4775658454746,-2.269364814506844,1,Done,BTBT_theta=60.5_a=13.1_b=4.1_cx=0_cy=0_cz=0_A1=0_A2=0.log
6.0,8.2,58.5,-40.38739701313898,-5.192569948732853,-7.5005642789183185,2,Done,BTBT_theta=58.5_a=6.0_b=8.2_cx=0_cy=0_cz=0_A1=0_A2=0.log
12.9,4.1,61.0,-29.932729007676244,-10.493887380696831,-2.2362385615706444,2,Done,BTBT_theta=61.0_a=12.9_b=4.1_cx=0_cy=0_cz=0_A1=0_A2=0.log
6.0,8.0,59.0,-40.42680464172736,-5.16853631590493,-7.522433002479374,2,Done,BTBT_theta=59.0_a=6.0_b=8.0_cx=0_cy=0_cz=0_A1=0_A2=0.log
5.9,8.3,59.5,-40.20280867116526,-5.227296351920813,-7.437053991830908,1,Done,BTBT_theta=59.5_a=5.9_b=8.3_cx=0_cy=0_cz=0_A1=0_A2=0.log
6.3,8.5,60.5,-37.18656890466809,-4.566616173600778,-7.013334139366634,1,Done,BTBT_theta=60.5_a=6.3_b=8.5_cx=0_cy=0_cz=0_A1=0_A2=0.log
5.8,8.1,58.5,-40.07101902225986,-5.42536988388747,-7.30506981362123,2,Done,BTBT_theta=58.5_a=5.8_b=8.1_cx=0_cy=0_cz=0_A1=0_A2=0.log
13.0,3.9,61.0,-29.62764619570225,-10.580088429152966,-2.116867334349081,2,Done,BTBT_theta=61.0_a=13.0_b=3.9_cx=0_cy=0_cz=0_A1=0_A2=0.log
13.2,3.9,60.5,-29.59576868964359,-10.450608016224578,-2.173638164298609,1,Done,BTBT_theta=60.5_a=13.2_b=3.9_cx=0_cy=0_cz=0_A1=0_A2=0.log
6.1,8.0,59.0,-40.3996711098589,-4.988767251139507,-7.605534151894972,2,Done,BTBT_theta=59.0_a=6.1_b=8.0_cx=0_cy=0_cz=0_A1=0_A2=0.log
5.9,8.4,59.5,-39.84236692776904,-5.227296351920813,-7.346943555981852,1,Done,BTBT_theta=59.5_a=5.9_b=8.4_cx=0_cy=0_cz=0_A1=0_A2=0.log
5.9,8.1,58.5,-40.38773586880416,-5.344245390733704,-7.424811271834187,2,Done,BTBT_theta=58.5_a=5.9_b=8.1_cx=0_cy=0_cz=0_A1=0_A2=0.log
13.0,4.1,61.0,-30.00321093155071,-10.493887380696831,-2.2538590425392613,2,Done,BTBT_theta=61.0_a=13.0_b=4.1_cx=0_cy=0_cz=0_A1=0_A2=0.log
6.4,8.3,60.5,-37.90184245305136,-4.343266539275646,-7.303827343625016,1,Done,BTBT_theta=60.5_a=6.4_b=8.3_cx=0_cy=0_cz=0_A1=0_A2=0.log
13.2,4.0,60.5,-30.137184316292405,-10.63182035391219,-2.2183859021170065,1,Done,BTBT_theta=60.5_a=13.2_b=4.0_cx=0_cy=0_cz=0_A1=0_A2=0.log
6.1,8.1,59.0,-40.36455564945936,-4.988767251139507,-7.596755286795087,2,Done,BTBT_theta=59.0_a=6.1_b=8.1_cx=0_cy=0_cz=0_A1=0_A2=0.log
13.1,3.9,61.0,-29.74481486296281,-10.580088429152966,-2.1461595011642203,2,Done,BTBT_theta=61.0_a=13.1_b=3.9_cx=0_cy=0_cz=0_A1=0_A2=0.log
6.0,8.1,58.5,-40.444575724657625,-5.192569948732853,-7.51485895679798,2,Done,BTBT_theta=58.5_a=6.0_b=8.1_cx=0_cy=0_cz=0_A1=0_A2=0.log
6.0,8.2,59.5,-40.39150092937052,-5.1334396817255765,-7.531155391479842,1,Done,BTBT_theta=59.5_a=6.0_b=8.2_cx=0_cy=0_cz=0_A1=0_A2=0.log
6.4,8.4,60.5,-37.20337362308055,-4.343266539275646,-7.129210136132315,1,Done,BTBT_theta=60.5_a=6.4_b=8.4_cx=0_cy=0_cz=0_A1=0_A2=0.log
6.2,8.2,61.0,-39.59766312828288,-4.745920880930498,-7.52645534160547,2,Done,BTBT_theta=61.0_a=6.2_b=8.2_cx=0_cy=0_cz=0_A1=0_A2=0.log
6.3,8.3,61.0,-38.48730928450823,-4.565618432825431,-7.339018104714341,1,Done,BTBT_theta=61.0_a=6.3_b=8.3_cx=0_cy=0_cz=0_A1=0_A2=0.log
13.2,4.1,60.5,-29.980532719753683,-10.4775658454746,-2.2563502572011203,2,Done,BTBT_theta=60.5_a=13.2_b=4.1_cx=0_cy=0_cz=0_A1=0_A2=0.log
13.1,4.0,61.0,-30.21520890900865,-10.695907949935645,-2.205848252284341,2,Done,BTBT_theta=61.0_a=13.1_b=4.0_cx=0_cy=0_cz=0_A1=0_A2=0.log
13.0,4.0,61.5,-30.15749053983017,-10.745073358528316,-2.1668359556933865,1,Done,BTBT_theta=61.5_a=13.0_b=4.0_cx=0_cy=0_cz=0_A1=0_A2=0.log
6.1,8.2,59.5,-40.14896831382066,-4.977045364212245,-7.548719396349043,1,Done,BTBT_theta=59.5_a=6.1_b=8.2_cx=0_cy=0_cz=0_A1=0_A2=0.log
6.4,8.5,60.5,-36.45134053938091,-4.343266539275646,-6.941201865207404,2,Done,BTBT_theta=60.5_a=6.4_b=8.5_cx=0_cy=0_cz=0_A1=0_A2=0.log
6.2,8.3,61.0,-39.040911155287176,-4.745920880930498,-7.387267348356545,1,Done,BTBT_theta=61.0_a=6.2_b=8.3_cx=0_cy=0_cz=0_A1=0_A2=0.log
12.9,3.9,61.5,-29.515648211352527,-10.68926261900924,-2.034280743333511,2,Done,BTBT_theta=61.5_a=12.9_b=3.9_cx=0_cy=0_cz=0_A1=0_A2=0.log
6.3,8.3,61.5,-38.378674753475934,-4.557046646019444,-7.316145365359262,2,Done,BTBT_theta=61.5_a=6.3_b=8.3_cx=0_cy=0_cz=0_A1=0_A2=0.log
13.1,4.1,61.0,-30.017769162077457,-10.493887380696831,-2.257498600170948,1,Done,BTBT_theta=61.0_a=13.1_b=4.1_cx=0_cy=0_cz=0_A1=0_A2=0.log
6.1,8.2,60.5,-40.04866711515933,-4.9240207695402205,-7.550156394019723,2,Done,BTBT_theta=60.5_a=6.1_b=8.2_cx=0_cy=0_cz=0_A1=0_A2=0.log
5.8,8.1,59.5,-40.1052434174344,-5.2332451469264925,-7.409688280895352,1,Done,BTBT_theta=59.5_a=5.8_b=8.1_cx=0_cy=0_cz=0_A1=0_A2=0.log
6.2,8.4,61.0,-38.39620738243684,-4.745920880930498,-7.226091405143961,1,Done,BTBT_theta=61.0_a=6.2_b=8.4_cx=0_cy=0_cz=0_A1=0_A2=0.log
6.2,8.2,61.5,-39.49281875649467,-4.71736917598173,-7.514520101132803,2,Done,BTBT_theta=61.5_a=6.2_b=8.2_cx=0_cy=0_cz=0_A1=0_A2=0.log
12.9,4.0,61.5,-30.00349958613515,-10.745073358528316,-2.128338217269629,2,Done,BTBT_theta=61.5_a=12.9_b=4.0_cx=0_cy=0_cz=0_A1=0_A2=0.log
6.1,8.3,60.5,-39.58511292887852,-4.9240207695402205,-7.434267847449519,2,Done,BTBT_theta=60.5_a=6.1_b=8.3_cx=0_cy=0_cz=0_A1=0_A2=0.log
13.2,3.9,61.0,-29.79938313225284,-10.580088429152966,-2.159801568486728,1,Done,BTBT_theta=61.0_a=13.2_b=3.9_cx=0_cy=0_cz=0_A1=0_A2=0.log
5.8,8.2,59.5,-40.18574039964005,-5.2332451469264925,-7.429812526446767,1,Done,BTBT_theta=59.5_a=5.8_b=8.2_cx=0_cy=0_cz=0_A1=0_A2=0.log
6.2,8.3,61.5,-38.9076531319879,-4.71736917598173,-7.36822869500611,2,Done,BTBT_theta=61.5_a=6.2_b=8.3_cx=0_cy=0_cz=0_A1=0_A2=0.log
12.9,4.1,61.5,-29.844450901728123,-10.499472219729796,-2.211376615567133,2,Done,BTBT_theta=61.5_a=12.9_b=4.1_cx=0_cy=0_cz=0_A1=0_A2=0.log
6.3,8.2,61.0,-39.09493976738304,-4.565618432825431,-7.490925725433044,1,Done,BTBT_theta=61.0_a=6.3_b=8.2_cx=0_cy=0_cz=0_A1=0_A2=0.log
6.1,8.4,60.5,-39.0163629646413,-4.9240207695402205,-7.292080356390215,2,Done,BTBT_theta=60.5_a=6.1_b=8.4_cx=0_cy=0_cz=0_A1=0_A2=0.log
13.2,4.0,61.0,-30.223542243242264,-10.695907949935645,-2.2079315858427435,1,Done,BTBT_theta=61.0_a=13.2_b=4.0_cx=0_cy=0_cz=0_A1=0_A2=0.log
5.8,8.3,59.5,-40.07549944333732,-5.2332451469264925,-7.402252287371084,1,Done,BTBT_theta=59.5_a=5.8_b=8.3_cx=0_cy=0_cz=0_A1=0_A2=0.log
6.2,8.4,61.5,-38.23847646871582,-4.71736917598173,-7.200934529188089,2,Done,BTBT_theta=61.5_a=6.2_b=8.4_cx=0_cy=0_cz=0_A1=0_A2=0.log
13.0,3.9,61.5,-29.73452369915321,-10.68926261900924,-2.088999615283683,2,Done,BTBT_theta=61.5_a=13.0_b=3.9_cx=0_cy=0_cz=0_A1=0_A2=0.log
6.3,8.4,61.0,-37.80442780209705,-4.565618432825431,-7.168297734111548,1,Done,BTBT_theta=61.0_a=6.3_b=8.4_cx=0_cy=0_cz=0_A1=0_A2=0.log
6.2,8.2,60.5,-39.6738177430816,-4.764884233241901,-7.5360123191494495,2,Done,BTBT_theta=60.5_a=6.2_b=8.2_cx=0_cy=0_cz=0_A1=0_A2=0.log
13.2,4.1,61.0,-29.983833422884345,-10.493887380696831,-2.2490146653726697,1,Done,BTBT_theta=61.0_a=13.2_b=4.1_cx=0_cy=0_cz=0_A1=0_A2=0.log
6.3,8.2,61.5,-39.011305233929306,-4.557046646019444,-7.474302985472605,2,Done,BTBT_theta=61.5_a=6.3_b=8.2_cx=0_cy=0_cz=0_A1=0_A2=0.log
13.0,4.1,61.5,-29.93915471015498,-10.499472219729796,-2.235052567673847,2,Done,BTBT_theta=61.5_a=13.0_b=4.1_cx=0_cy=0_cz=0_A1=0_A2=0.log
5.9,8.1,59.5,-40.468069698661566,-5.227296351920813,-7.503369248704985,1,Done,BTBT_theta=59.5_a=5.9_b=8.1_cx=0_cy=0_cz=0_A1=0_A2=0.log
6.4,8.2,61.0,-38.47649101121351,-4.355339831672609,-7.441452836967073,1,Done,BTBT_theta=61.0_a=6.4_b=8.2_cx=0_cy=0_cz=0_A1=0_A2=0.log
6.3,8.2,60.5,-39.15506777586416,-4.566616173600778,-7.5054588571656495,2,Done,BTBT_theta=60.5_a=6.3_b=8.2_cx=0_cy=0_cz=0_A1=0_A2=0.log
13.3,3.9,61.0,-29.79991024080664,-10.580088429152966,-2.159933345625177,1,Done,BTBT_theta=61.0_a=13.3_b=3.9_cx=0_cy=0_cz=0_A1=0_A2=0.log
6.3,8.4,61.5,-37.67453323071823,-4.557046646019444,-7.140109984669834,2,Done,BTBT_theta=61.5_a=6.3_b=8.4_cx=0_cy=0_cz=0_A1=0_A2=0.log
13.1,3.9,61.5,-29.878022686112672,-10.68926261900924,-2.124874362023548,2,Done,BTBT_theta=61.5_a=13.1_b=3.9_cx=0_cy=0_cz=0_A1=0_A2=0.log
6.0,8.1,59.5,-40.54938244493678,-5.1334396817255765,-7.570625770371407,1,Done,BTBT_theta=59.5_a=6.0_b=8.1_cx=0_cy=0_cz=0_A1=0_A2=0.log
6.0,8.1,60.5,-40.49913144297898,-5.026926134014502,-7.611319793737493,2,Done,BTBT_theta=60.5_a=6.0_b=8.1_cx=0_cy=0_cz=0_A1=0_A2=0.log
6.4,8.3,61.0,-37.82822298072279,-4.355339831672609,-7.279385829344392,1,Done,BTBT_theta=61.0_a=6.4_b=8.3_cx=0_cy=0_cz=0_A1=0_A2=0.log
6.4,8.2,61.5,-38.40659894794226,-4.36149570485577,-7.420901884557679,2,Done,BTBT_theta=61.5_a=6.4_b=8.2_cx=0_cy=0_cz=0_A1=0_A2=0.log
13.1,4.0,61.5,-30.24471443006769,-10.745073358528316,-2.188641928252764,2,Done,BTBT_theta=61.5_a=13.1_b=4.0_cx=0_cy=0_cz=0_A1=0_A2=0.log
13.3,4.0,61.0,-30.18415971519425,-10.695907949935645,-2.1980859538307413,1,Done,BTBT_theta=61.0_a=13.3_b=4.0_cx=0_cy=0_cz=0_A1=0_A2=0.log
6.0,8.2,60.5,-40.24604411050677,-5.026926134014502,-7.548047960619442,2,Done,BTBT_theta=60.5_a=6.0_b=8.2_cx=0_cy=0_cz=0_A1=0_A2=0.log
5.9,8.0,59.5,-40.304942198097706,-5.227296351920813,-7.46258737356402,1,Done,BTBT_theta=59.5_a=5.9_b=8.0_cx=0_cy=0_cz=0_A1=0_A2=0.log
6.4,8.4,61.0,-37.11128025595099,-4.355339831672609,-7.100150148151442,1,Done,BTBT_theta=61.0_a=6.4_b=8.4_cx=0_cy=0_cz=0_A1=0_A2=0.log
6.4,8.3,61.5,-37.73644336825237,-4.36149570485577,-7.253362989635207,2,Done,BTBT_theta=61.5_a=6.4_b=8.3_cx=0_cy=0_cz=0_A1=0_A2=0.log
13.1,4.1,61.5,-29.97502318257466,-10.499472219729796,-2.244019685778767,2,Done,BTBT_theta=61.5_a=13.1_b=4.1_cx=0_cy=0_cz=0_A1=0_A2=0.log
13.3,4.1,61.0,-29.90780431078747,-10.493887380696831,-2.2300073873484507,1,Done,BTBT_theta=61.0_a=13.3_b=4.1_cx=0_cy=0_cz=0_A1=0_A2=0.log
6.0,8.3,60.5,-39.84998489962891,-5.026926134014502,-7.449033157899976,2,Done,BTBT_theta=60.5_a=6.0_b=8.3_cx=0_cy=0_cz=0_A1=0_A2=0.log
6.0,8.0,59.5,-40.51727903448045,-5.1334396817255765,-7.562599917757325,1,Done,BTBT_theta=59.5_a=6.0_b=8.0_cx=0_cy=0_cz=0_A1=0_A2=0.log
6.4,8.4,61.5,-37.00177976023406,-4.36149570485577,-7.0696970876306295,2,Done,BTBT_theta=61.5_a=6.4_b=8.4_cx=0_cy=0_cz=0_A1=0_A2=0.log
6.1,8.1,61.0,-40.3309085634537,-4.881318713771179,-7.642067783977836,1,Done,BTBT_theta=61.0_a=6.1_b=8.1_cx=0_cy=0_cz=0_A1=0_A2=0.log
13.2,3.9,61.5,-29.955683324486017,-10.68926261900924,-2.144289521616884,2,Done,BTBT_theta=61.5_a=13.2_b=3.9_cx=0_cy=0_cz=0_A1=0_A2=0.log
13.0,3.9,62.0,-29.79542981972918,-10.779542482690886,-2.059086213586852,1,Done,BTBT_theta=62.0_a=13.0_b=3.9_cx=0_cy=0_cz=0_A1=0_A2=0.log
13.1,4.0,62.0,-30.23966925032437,-10.780439822236076,-2.169697401463054,2,Done,BTBT_theta=62.0_a=13.1_b=4.0_cx=0_cy=0_cz=0_A1=0_A2=0.log
6.1,8.1,60.5,-40.39033376099542,-4.9240207695402205,-7.635573055478744,2,Done,BTBT_theta=60.5_a=6.1_b=8.1_cx=0_cy=0_cz=0_A1=0_A2=0.log
13.2,4.0,61.5,-30.273805793374777,-10.745073358528316,-2.195914769079536,2,Done,BTBT_theta=61.5_a=13.2_b=4.0_cx=0_cy=0_cz=0_A1=0_A2=0.log
6.1,8.0,59.5,-40.491337770130485,-4.977045364212245,-7.634311760426499,1,Done,BTBT_theta=59.5_a=6.1_b=8.0_cx=0_cy=0_cz=0_A1=0_A2=0.log
6.1,8.2,61.0,-39.949106379877776,-4.881318713771179,-7.546617238083854,1,Done,BTBT_theta=61.0_a=6.1_b=8.2_cx=0_cy=0_cz=0_A1=0_A2=0.log
6.1,8.1,61.5,-40.23570274654776,-4.82688849628903,-7.645481438492425,2,Done,BTBT_theta=61.5_a=6.1_b=8.1_cx=0_cy=0_cz=0_A1=0_A2=0.log
13.0,4.0,62.0,-30.128047769889235,-10.780439822236076,-2.141792031354271,1,Done,BTBT_theta=62.0_a=13.0_b=4.0_cx=0_cy=0_cz=0_A1=0_A2=0.log
6.2,8.1,60.5,-40.08533879974857,-4.764884233241901,-7.638892583316192,2,Done,BTBT_theta=60.5_a=6.2_b=8.1_cx=0_cy=0_cz=0_A1=0_A2=0.log
13.2,4.1,61.5,-29.959787238854915,-10.499472219729796,-2.2402106998488307,2,Done,BTBT_theta=61.5_a=13.2_b=4.1_cx=0_cy=0_cz=0_A1=0_A2=0.log
6.1,8.1,59.5,-40.4060466112569,-4.977045364212245,-7.612988970708102,1,Done,BTBT_theta=59.5_a=6.1_b=8.1_cx=0_cy=0_cz=0_A1=0_A2=0.log
6.1,8.3,61.0,-39.4513403470628,-4.881318713771179,-7.422175729880109,1,Done,BTBT_theta=61.0_a=6.1_b=8.3_cx=0_cy=0_cz=0_A1=0_A2=0.log
6.1,8.2,61.5,-39.81522084539756,-4.82688849628903,-7.540360963204876,2,Done,BTBT_theta=61.5_a=6.1_b=8.2_cx=0_cy=0_cz=0_A1=0_A2=0.log
13.0,4.1,62.0,-29.8481406592764,-10.495129850460216,-2.214470239588991,1,Done,BTBT_theta=62.0_a=13.0_b=4.1_cx=0_cy=0_cz=0_A1=0_A2=0.log
5.9,8.0,60.5,-40.32419420732185,-5.051982608623803,-7.555057247518562,2,Done,BTBT_theta=60.5_a=5.9_b=8.0_cx=0_cy=0_cz=0_A1=0_A2=0.log
13.3,3.9,61.5,-29.9762907512486,-10.68926261900924,-2.149441378307529,2,Done,BTBT_theta=61.5_a=13.3_b=3.9_cx=0_cy=0_cz=0_A1=0_A2=0.log
6.3,8.1,62.0,-39.47001504525542,-4.540254478575662,-7.597376522026025,1,Done,BTBT_theta=62.0_a=6.3_b=8.1_cx=0_cy=0_cz=0_A1=0_A2=0.log
6.4,8.2,62.0,-38.31690266774967,-4.361225875327364,-7.398612729273736,2,Done,BTBT_theta=62.0_a=6.4_b=8.2_cx=0_cy=0_cz=0_A1=0_A2=0.log
6.2,8.1,61.0,-40.04465105198324,-4.745920880930498,-7.63820232253056,1,Done,BTBT_theta=61.0_a=6.2_b=8.1_cx=0_cy=0_cz=0_A1=0_A2=0.log
6.1,8.3,61.5,-39.284397585783154,-4.82688849628903,-7.407655148301274,1,Done,BTBT_theta=61.5_a=6.1_b=8.3_cx=0_cy=0_cz=0_A1=0_A2=0.log
5.9,8.1,60.5,-40.36279862094671,-5.051982608623803,-7.564708350924775,2,Done,BTBT_theta=60.5_a=5.9_b=8.1_cx=0_cy=0_cz=0_A1=0_A2=0.log
13.3,4.0,61.5,-30.252595954574645,-10.745073358528316,-2.190612309379503,2,Done,BTBT_theta=61.5_a=13.3_b=4.0_cx=0_cy=0_cz=0_A1=0_A2=0.log
13.1,3.9,62.0,-29.965987037401646,-10.779542482690886,-2.1017255180049688,2,Done,BTBT_theta=62.0_a=13.1_b=3.9_cx=0_cy=0_cz=0_A1=0_A2=0.log
6.3,8.2,62.0,-38.9032229129225,-4.540254478575662,-7.455678488942794,1,Done,BTBT_theta=62.0_a=6.3_b=8.2_cx=0_cy=0_cz=0_A1=0_A2=0.log
6.3,8.1,61.0,-39.60432728473097,-4.565618432825431,-7.618272604770027,1,Done,BTBT_theta=61.0_a=6.3_b=8.1_cx=0_cy=0_cz=0_A1=0_A2=0.log
5.9,8.2,60.5,-40.2121460204944,-5.051982608623803,-7.527045200811699,2,Done,BTBT_theta=60.5_a=5.9_b=8.2_cx=0_cy=0_cz=0_A1=0_A2=0.log
6.2,8.1,61.5,-39.97411892749369,-4.71736917598173,-7.634845143882558,1,Done,BTBT_theta=61.5_a=6.2_b=8.1_cx=0_cy=0_cz=0_A1=0_A2=0.log
13.3,4.1,61.5,-29.900173788890243,-10.499472219729796,-2.2253073373576626,2,Done,BTBT_theta=61.5_a=13.3_b=4.1_cx=0_cy=0_cz=0_A1=0_A2=0.log
13.1,4.1,62.0,-29.90594688151032,-10.495129850460216,-2.228921795147471,2,Done,BTBT_theta=62.0_a=13.1_b=4.1_cx=0_cy=0_cz=0_A1=0_A2=0.log
6.3,8.3,62.0,-38.2466717492789,-4.540254478575662,-7.291540698031895,1,Done,BTBT_theta=62.0_a=6.3_b=8.3_cx=0_cy=0_cz=0_A1=0_A2=0.log
6.0,8.0,61.0,-40.54175192350522,-4.953871420118958,-7.658502270816825,1,Done,BTBT_theta=61.0_a=6.0_b=8.0_cx=0_cy=0_cz=0_A1=0_A2=0.log
6.0,8.0,60.5,-40.57616457249969,-5.026926134014502,-7.630578076117672,2,Done,BTBT_theta=60.5_a=6.0_b=8.0_cx=0_cy=0_cz=0_A1=0_A2=0.log
6.3,8.1,61.5,-39.54988451721147,-4.557046646019444,-7.608947806293145,2,Done,BTBT_theta=61.5_a=6.3_b=8.1_cx=0_cy=0_cz=0_A1=0_A2=0.log
13.2,3.9,62.0,-30.067417753860354,-10.779542482690886,-2.1270831971196458,2,Done,BTBT_theta=62.0_a=13.2_b=3.9_cx=0_cy=0_cz=0_A1=0_A2=0.log
6.1,8.0,60.5,-40.57228656020016,-4.9240207695402205,-7.681061255279928,2,Done,BTBT_theta=60.5_a=6.1_b=8.0_cx=0_cy=0_cz=0_A1=0_A2=0.log
6.4,8.1,62.0,-38.93050704617053,-4.361225875327364,-7.552013823878951,1,Done,BTBT_theta=62.0_a=6.4_b=8.1_cx=0_cy=0_cz=0_A1=0_A2=0.log
6.0,8.0,61.5,-40.46284881653264,-4.866415351396427,-7.682504528434947,2,Done,BTBT_theta=61.5_a=6.0_b=8.0_cx=0_cy=0_cz=0_A1=0_A2=0.log
6.0,8.1,61.0,-40.4123593615368,-4.953871420118958,-7.626154130324721,1,Done,BTBT_theta=61.0_a=6.0_b=8.1_cx=0_cy=0_cz=0_A1=0_A2=0.log
13.2,4.0,62.0,-30.290171255357563,-10.780439822236076,-2.182322902721353,2,Done,BTBT_theta=62.0_a=13.2_b=4.0_cx=0_cy=0_cz=0_A1=0_A2=0.log
5.9,7.9,60.5,-40.05925948545337,-5.051982608623803,-7.48882356705144,2,Done,BTBT_theta=60.5_a=5.9_b=7.9_cx=0_cy=0_cz=0_A1=0_A2=0.log
6.0,8.1,61.5,-40.28257774328813,-4.866415351396427,-7.637436760123819,2,Done,BTBT_theta=61.5_a=6.0_b=8.1_cx=0_cy=0_cz=0_A1=0_A2=0.log
6.4,8.3,62.0,-37.62568785296753,-4.361225875327364,-7.225809025578201,1,Done,BTBT_theta=62.0_a=6.4_b=8.3_cx=0_cy=0_cz=0_A1=0_A2=0.log
6.0,8.2,61.0,-40.11396580655128,-4.953871420118958,-7.55155574157834,1,Done,BTBT_theta=61.0_a=6.0_b=8.2_cx=0_cy=0_cz=0_A1=0_A2=0.log
13.2,4.1,62.0,-29.909988045226783,-10.495129850460216,-2.2299320860765874,2,Done,BTBT_theta=62.0_a=13.2_b=4.1_cx=0_cy=0_cz=0_A1=0_A2=0.log
6.0,7.9,60.5,-40.44762542285025,-5.026926134014502,-7.598443288705312,2,Done,BTBT_theta=60.5_a=6.0_b=7.9_cx=0_cy=0_cz=0_A1=0_A2=0.log
6.0,8.2,61.5,-39.94045929145068,-4.866415351396427,-7.551907147164456,2,Done,BTBT_theta=61.5_a=6.0_b=8.2_cx=0_cy=0_cz=0_A1=0_A2=0.log
6.5,8.1,62.0,-38.28446040069685,-4.155095115769655,-7.493567542289384,1,Done,BTBT_theta=62.0_a=6.5_b=8.1_cx=0_cy=0_cz=0_A1=0_A2=0.log
6.1,8.0,61.0,-40.559121400117874,-4.881318713771179,-7.699120993143879,1,Done,BTBT_theta=61.0_a=6.1_b=8.0_cx=0_cy=0_cz=0_A1=0_A2=0.log
13.3,3.9,62.0,-30.108808314427733,-10.779542482690886,-2.1374308372614905,2,Done,BTBT_theta=62.0_a=13.3_b=3.9_cx=0_cy=0_cz=0_A1=0_A2=0.log
6.1,7.9,60.5,-40.5666138692759,-4.9240207695402205,-7.679643082548864,2,Done,BTBT_theta=60.5_a=6.1_b=7.9_cx=0_cy=0_cz=0_A1=0_A2=0.log
6.1,8.0,61.5,-40.50861939555034,-4.82688849628903,-7.71371060074307,2,Done,BTBT_theta=61.5_a=6.1_b=8.0_cx=0_cy=0_cz=0_A1=0_A2=0.log
6.5,8.2,62.0,-37.63348152814433,-4.155095115769655,-7.330822824151255,1,Done,BTBT_theta=62.0_a=6.5_b=8.2_cx=0_cy=0_cz=0_A1=0_A2=0.log
13.3,4.0,62.0,-30.287711414974183,-10.780439822236076,-2.181707942625508,2,Done,BTBT_theta=62.0_a=13.3_b=4.0_cx=0_cy=0_cz=0_A1=0_A2=0.log
6.2,8.0,61.0,-40.36347633134574,-4.745920880930498,-7.717908642371185,1,Done,BTBT_theta=61.0_a=6.2_b=8.0_cx=0_cy=0_cz=0_A1=0_A2=0.log
6.2,8.0,61.5,-40.33202553074807,-4.71736917598173,-7.724321794696152,2,Done,BTBT_theta=61.5_a=6.2_b=8.0_cx=0_cy=0_cz=0_A1=0_A2=0.log
13.3,4.1,62.0,-29.86734246602282,-10.495129850460216,-2.2192706912755966,2,Done,BTBT_theta=62.0_a=13.3_b=4.1_cx=0_cy=0_cz=0_A1=0_A2=0.log
6.5,8.3,62.0,-36.91347655421123,-4.155095115769655,-7.15082158066798,2,Done,BTBT_theta=62.0_a=6.5_b=8.3_cx=0_cy=0_cz=0_A1=0_A2=0.log
6.0,7.9,61.0,-40.473855341784656,-4.953871420118958,-7.641528125386685,1,Done,BTBT_theta=61.0_a=6.0_b=7.9_cx=0_cy=0_cz=0_A1=0_A2=0.log
6.0,7.9,61.5,-40.45398837467656,-4.866415351396427,-7.680289417970926,2,Done,BTBT_theta=61.5_a=6.0_b=7.9_cx=0_cy=0_cz=0_A1=0_A2=0.log
6.2,8.0,62.0,-40.26849641883746,-4.678614158183336,-7.727817025617696,2,Done,BTBT_theta=62.0_a=6.2_b=8.0_cx=0_cy=0_cz=0_A1=0_A2=0.log
6.1,7.9,61.5,-40.60756517294794,-4.82688849628903,-7.738447045092471,2,Done,BTBT_theta=61.5_a=6.1_b=7.9_cx=0_cy=0_cz=0_A1=0_A2=0.log
6.1,7.9,61.0,-40.60641055461019,-4.881318713771179,-7.7109432817669585,2,Done,BTBT_theta=61.0_a=6.1_b=7.9_cx=0_cy=0_cz=0_A1=0_A2=0.log
6.2,8.1,62.0,-39.87273841025308,-4.678614158183336,-7.628877523471601,2,Done,BTBT_theta=62.0_a=6.2_b=8.1_cx=0_cy=0_cz=0_A1=0_A2=0.log
6.2,7.9,61.5,-40.52720624115318,-4.71736917598173,-7.77311697229743,2,Done,BTBT_theta=61.5_a=6.2_b=7.9_cx=0_cy=0_cz=0_A1=0_A2=0.log
6.2,7.9,61.0,-40.51317511778325,-4.745920880930498,-7.755333338980563,2,Done,BTBT_theta=61.0_a=6.2_b=7.9_cx=0_cy=0_cz=0_A1=0_A2=0.log
6.2,8.2,62.0,-39.35843121586368,-4.678614158183336,-7.500300724874251,2,Done,BTBT_theta=62.0_a=6.2_b=8.2_cx=0_cy=0_cz=0_A1=0_A2=0.log
6.0,7.8,61.5,-40.21829561935738,-4.866415351396427,-7.621366229141131,2,Done,BTBT_theta=61.5_a=6.0_b=7.8_cx=0_cy=0_cz=0_A1=0_A2=0.log
6.0,7.8,61.0,-40.17096881521866,-4.953871420118958,-7.565806493745185,2,Done,BTBT_theta=61.0_a=6.0_b=7.8_cx=0_cy=0_cz=0_A1=0_A2=0.log
6.3,8.0,62.0,-39.92754513444379,-4.540254478575662,-7.7117590443231165,2,Done,BTBT_theta=62.0_a=6.3_b=8.0_cx=0_cy=0_cz=0_A1=0_A2=0.log
6.1,7.8,61.5,-40.49970875261352,-4.82688849628903,-7.711482940008864,2,Done,BTBT_theta=61.5_a=6.1_b=7.8_cx=0_cy=0_cz=0_A1=0_A2=0.log
6.1,7.8,61.0,-40.438965785782784,-4.881318713771179,-7.669082089560106,2,Done,BTBT_theta=61.0_a=6.1_b=7.8_cx=0_cy=0_cz=0_A1=0_A2=0.log
6.4,8.0,62.0,-39.442630507051945,-4.361225875327364,-7.680044689099304,2,Done,BTBT_theta=62.0_a=6.4_b=8.0_cx=0_cy=0_cz=0_A1=0_A2=0.log
6.2,7.8,61.5,-40.533757445868105,-4.71736917598173,-7.774754773476161,2,Done,BTBT_theta=61.5_a=6.2_b=7.8_cx=0_cy=0_cz=0_A1=0_A2=0.log
6.2,7.8,61.0,-40.46754259103909,-4.745920880930498,-7.743925207294524,2,Done,BTBT_theta=61.0_a=6.2_b=7.8_cx=0_cy=0_cz=0_A1=0_A2=0.log
6.1,7.9,62.0,-40.568960757460445,-4.760021030902863,-7.76222967391368,2,Done,BTBT_theta=62.0_a=6.1_b=7.9_cx=0_cy=0_cz=0_A1=0_A2=0.log
6.1,8.0,62.0,-40.419688678346574,-4.760021030902863,-7.724911654135212,2,Done,BTBT_theta=62.0_a=6.1_b=8.0_cx=0_cy=0_cz=0_A1=0_A2=0.log
6.1,8.1,62.0,-40.1036244421266,-4.760021030902863,-7.645895595080219,2,Done,BTBT_theta=62.0_a=6.1_b=8.1_cx=0_cy=0_cz=0_A1=0_A2=0.log
6.2,7.9,62.0,-40.5076781292446,-4.678614158183336,-7.787612453219481,2,Done,BTBT_theta=62.0_a=6.2_b=7.9_cx=0_cy=0_cz=0_A1=0_A2=0.log
6.3,7.9,62.0,-40.25129009503871,-4.540254478575662,-7.792695284471847,2,Done,BTBT_theta=62.0_a=6.3_b=7.9_cx=0_cy=0_cz=0_A1=0_A2=0.log
6.0,7.8,62.0,-40.21618718560785,-4.7636417634785175,-7.672225914662704,2,Done,BTBT_theta=62.0_a=6.0_b=7.8_cx=0_cy=0_cz=0_A1=0_A2=0.log
6.0,7.9,62.0,-40.38651849934831,-4.7636417634785175,-7.714808743097819,2,Done,BTBT_theta=62.0_a=6.0_b=7.9_cx=0_cy=0_cz=0_A1=0_A2=0.log
6.0,8.0,62.0,-40.33799942629412,-4.7636417634785175,-7.702678974834271,2,Done,BTBT_theta=62.0_a=6.0_b=8.0_cx=0_cy=0_cz=0_A1=0_A2=0.log
6.1,7.8,62.0,-40.51921176491305,-4.760021030902863,-7.749792425776832,2,Done,BTBT_theta=62.0_a=6.1_b=7.8_cx=0_cy=0_cz=0_A1=0_A2=0.log
6.2,7.8,62.0,-40.56525844801217,-4.678614158183336,-7.802007532911375,2,Done,BTBT_theta=62.0_a=6.2_b=7.8_cx=0_cy=0_cz=0_A1=0_A2=0.log
